<?xml version="1.0" ?>
<LOG_ROOT>
	<PROJECT NAME="CPU">
		<CBX_INST_ENTRY INSTANCE_NAME="|CPU|RAM:my_RAM|lpm_mux:Mux3" CBX_FILE_NAME="mux_t4d.tdf"/>
		<CBX_INST_ENTRY INSTANCE_NAME="|CPU|RAM:my_RAM|lpm_mux:Mux7" CBX_FILE_NAME="mux_t4d.tdf"/>
		<CBX_INST_ENTRY INSTANCE_NAME="|CPU|RAM:my_RAM|lpm_mux:instruntion_mem_rtl_2" CBX_FILE_NAME="mux_joc.tdf"/>
		<CBX_INST_ENTRY INSTANCE_NAME="|CPU|RAM:my_RAM|lpm_mux:instruntion_mem_rtl_6" CBX_FILE_NAME="mux_joc.tdf"/>
		<CBX_INST_ENTRY INSTANCE_NAME="|CPU|RAM:my_RAM|lpm_mux:Mux0" CBX_FILE_NAME="mux_t4d.tdf"/>
		<CBX_INST_ENTRY INSTANCE_NAME="|CPU|RAM:my_RAM|lpm_mux:Mux4" CBX_FILE_NAME="mux_t4d.tdf"/>
		<CBX_INST_ENTRY INSTANCE_NAME="|CPU|RAM:my_RAM|lpm_mux:instruntion_mem_rtl_3" CBX_FILE_NAME="mux_joc.tdf"/>
		<CBX_INST_ENTRY INSTANCE_NAME="|CPU|RAM:my_RAM|lpm_mux:instruntion_mem_rtl_7" CBX_FILE_NAME="mux_joc.tdf"/>
		<CBX_INST_ENTRY INSTANCE_NAME="|CPU|RAM:my_RAM|lpm_mux:Mux1" CBX_FILE_NAME="mux_t4d.tdf"/>
		<CBX_INST_ENTRY INSTANCE_NAME="|CPU|RAM:my_RAM|lpm_mux:Mux5" CBX_FILE_NAME="mux_t4d.tdf"/>
		<CBX_INST_ENTRY INSTANCE_NAME="|CPU|RAM:my_RAM|lpm_mux:instruntion_mem_rtl_0" CBX_FILE_NAME="mux_joc.tdf"/>
		<CBX_INST_ENTRY INSTANCE_NAME="|CPU|RAM:my_RAM|lpm_mux:instruntion_mem_rtl_4" CBX_FILE_NAME="mux_joc.tdf"/>
		<CBX_INST_ENTRY INSTANCE_NAME="|CPU|RAM:my_RAM|lpm_mux:Mux2" CBX_FILE_NAME="mux_t4d.tdf"/>
		<CBX_INST_ENTRY INSTANCE_NAME="|CPU|RAM:my_RAM|lpm_mux:Mux6" CBX_FILE_NAME="mux_t4d.tdf"/>
		<CBX_INST_ENTRY INSTANCE_NAME="|CPU|RAM:my_RAM|lpm_mux:instruntion_mem_rtl_1" CBX_FILE_NAME="mux_joc.tdf"/>
		<CBX_INST_ENTRY INSTANCE_NAME="|CPU|RAM:my_RAM|lpm_mux:instruntion_mem_rtl_5" CBX_FILE_NAME="mux_joc.tdf"/>
	</PROJECT>
</LOG_ROOT>
